<?xml version="1.0"?>
<doc>
    <assembly>
        <name>Comet</name>
    </assembly>
    <members>
        <member name="T:Comet.DrawHelper">
            <summary>
            Used to draw programmatic visuals.
            </summary>
        </member>
        <member name="M:Comet.DrawHelper.DrawRectangle(Microsoft.Xna.Framework.Graphics.SpriteBatch,Microsoft.Xna.Framework.Vector2,System.Int32,System.Int32,Microsoft.Xna.Framework.Color)">
            <summary>
            Draw a rectangle.
            </summary>
            <param name="spriteBatch"></param>
            <param name="position"></param>
            <param name="dimensions"></param>
            <param name="color"></param>
        </member>
        <member name="M:Comet.Character.InjectEffect(Comet.Effect)">
            <summary>
            This method will inject the given effect into a character.
            It will also automatically sort the effect list so that the
            effects ending first (namely those with the shortest delay + 
            duration) are the ones at the end of the list.
            </summary>
            <param name="efct">The effect to inject on the character. </param>
        </member>
        <member name="M:Comet.Character.InjectEffect(Comet.Effect[])">
            <summary>
            This method will inject the given effect into a character.
            It will also automatically sort the effect list so that the
            effects ending first (namely those with the shortest delay + 
            duration) are the ones at the end of the list.
            </summary>
            <param name="efcts">The effects to inject on the character. </param>
        </member>
        <member name="M:Comet.Fight.Update(Microsoft.Xna.Framework.GameTime)">
            <summary>
            Controls the player's actions and keeps tabs on the skills that will be casted.
            </summary>
            <param name="gameTime"></param>
        </member>
        <member name="T:Comet.Game1">
            <summary>
            This is the main type for your game.
            </summary>
        </member>
        <member name="T:Comet.Game1.GameState">
            <summary>
            States of the Game.
            </summary>
        </member>
        <member name="F:Comet.Game1.GameState.Menu">
            <summary> The game is in a menu. </summary>
        </member>
        <member name="F:Comet.Game1.GameState.Fight">
            <summary> The game is in a fight. </summary>
        </member>
        <member name="F:Comet.Game1.GameState.Paused">
            <summary> The game is paused. </summary>
        </member>
        <member name="P:Comet.Game1.State">
            <summary> Current state of the game. </summary>
        </member>
        <member name="M:Comet.Game1.#ctor">
            <summary> The game manager. </summary>
        </member>
        <member name="M:Comet.Game1.Initialize">
            <summary>
            Allows the game to perform any initialization it needs to before starting to run.
            This is where it can query for any required services and load any non-graphic
            related content.  Calling base.Initialize will enumerate through any components
            and initialize them as well.
            </summary>
        </member>
        <member name="M:Comet.Game1.LoadContent">
            <summary>
            LoadContent will be called once per game and is the place to load
            all of your content.
            </summary>
        </member>
        <member name="M:Comet.Game1.UnloadContent">
            <summary>
            UnloadContent will be called once per game and is the place to unload
            game-specific content.
            </summary>
        </member>
        <member name="M:Comet.Game1.Update(Microsoft.Xna.Framework.GameTime)">
            <summary>
            Allows the game to run logic such as updating the world,
            checking for collisions, gathering input, and playing audio.
            </summary>
            <param name="gameTime">Provides a snapshot of timing values.</param>
        </member>
        <member name="M:Comet.Game1.Draw(Microsoft.Xna.Framework.GameTime)">
            <summary>
            This is called when the game should draw itself.
            </summary>
            <param name="gameTime">Provides a snapshot of timing values.</param>
        </member>
        <member name="T:Comet.InputStatus">
            <summary>
            
            </summary>
        </member>
        <member name="P:Comet.InputStatus.alliedCharacter1">
            <summary> </summary>
        </member>
        <member name="P:Comet.InputStatus.alliedCharacter2">
            <summary> </summary>
        </member>
        <member name="P:Comet.InputStatus.alliedCharacter3">
            <summary> </summary>
        </member>
        <member name="P:Comet.InputStatus.alliedCharacter4">
            <summary> </summary>
        </member>
        <member name="P:Comet.InputStatus.skill1">
            <summary> </summary>
        </member>
        <member name="P:Comet.InputStatus.skill2">
            <summary> </summary>
        </member>
        <member name="P:Comet.InputStatus.skill3">
            <summary> </summary>
        </member>
        <member name="P:Comet.InputStatus.skill4">
            <summary> </summary>
        </member>
        <member name="P:Comet.InputStatus.enemyCharacter1">
            <summary> </summary>
        </member>
        <member name="P:Comet.InputStatus.enemyCharacter2">
            <summary> </summary>
        </member>
        <member name="P:Comet.InputStatus.enemyCharacter3">
            <summary> </summary>
        </member>
        <member name="P:Comet.InputStatus.enemyCharacter4">
            <summary> </summary>
        </member>
        <member name="P:Comet.InputStatus.sideModifier">
            <summary> </summary>
        </member>
        <member name="P:Comet.InputStatus.joinGame">
            <summary> </summary>
        </member>
        <member name="T:Comet.Program">
            <summary>
            The main class.
            </summary>
        </member>
        <member name="M:Comet.Program.Main">
            <summary>
            The main entry point for the application.
            </summary>
        </member>
        <member name="T:Comet.SelectionState">
            <summary>
            
            </summary>
        </member>
        <member name="F:Comet.SelectionState.User">
            <summary> </summary>
        </member>
        <member name="F:Comet.SelectionState.Skill">
            <summary> </summary>
        </member>
        <member name="F:Comet.SelectionState.Target">
            <summary> </summary>
        </member>
        <member name="T:Comet.Stat">
            <summary>
            Character Stats
            </summary>
        </member>
        <member name="F:Comet.Stat.Health">
            <summary> </summary>
        </member>
        <member name="F:Comet.Stat.CurrentLife">
            <summary> </summary>
        </member>
        <member name="F:Comet.Stat.MaxLife">
            <summary> </summary>
        </member>
        <member name="F:Comet.Stat.CurrentStamina">
            <summary> </summary>
        </member>
        <member name="F:Comet.Stat.MaxStamina">
            <summary> </summary>
        </member>
        <member name="F:Comet.Stat.Regen">
            <summary> </summary>
        </member>
        <member name="F:Comet.Stat.Power">
            <summary> </summary>
        </member>
        <member name="F:Comet.Stat.Speed">
            <summary> </summary>
        </member>
        <member name="F:Comet.Stat.Endurance">
            <summary> </summary>
        </member>
        <member name="T:Comet.CharacterStatus">
            <summary>
            The defense status of a character.
            </summary>
        </member>
        <member name="F:Comet.CharacterStatus.Down">
            <summary> The character is inactive. </summary>
        </member>
        <member name="F:Comet.CharacterStatus.Open">
            <summary> The character receives standard damage from attacks. </summary>
        </member>
        <member name="F:Comet.CharacterStatus.Guarding">
            <summary> The character receives reduced damage from attacks. </summary>
        </member>
        <member name="F:Comet.CharacterStatus.Dodging">
            <summary> The character receives no damage from attacks. </summary>
        </member>
        <member name="T:Comet.SkillType">
            <summary>
            Types of Skills
            </summary>
        </member>
        <member name="F:Comet.SkillType.Passive">
            <summary> Skill is always active. </summary>
        </member>
        <member name="F:Comet.SkillType.Standard">
            <summary> Skill is casted repeatedly until character is given another command or
            either the user or targets are unable to fight. </summary>
        </member>
        <member name="F:Comet.SkillType.Steady">
            <summary> Standard skill that happens continually after its cast. </summary>
        </member>
        <member name="F:Comet.SkillType.Special">
            <summary> Skill that only affects a target once per cast. </summary>
        </member>
        <member name="T:Comet.EffectActivationType">
            <summary>
            Types of Effect Activations.
            </summary>
        </member>
        <member name="F:Comet.EffectActivationType.OnSelfInjection">
            <summary> Effect activates upon being injected in the host. </summary>
        </member>
        <member name="F:Comet.EffectActivationType.OnOtherInjection">
            <summary> Effect activates upon the host being injected a different effect. </summary>
        </member>
        <member name="F:Comet.EffectActivationType.OnHostReactionPrepping">
            <summary> Effect activates upon the host prepping a skill. </summary>
        </member>
        <member name="F:Comet.EffectActivationType.OnHostReactionCasting">
            <summary> Effect activates upon the host casting a skill. </summary>
        </member>
    </members>
</doc>
